Date, Time, Axis1,Axis2,Axis3,Steps,Lux,Inclinometer Off,Inclinometer Standing,Inclinometer Sitting,Inclinometer Lying,Vector Magnitude
16/06/2021,17:00:00,"4132","3590","3132","25","37","0","60","0","0","6306,42"
16/06/2021,17:01:00,"6611","4630","3731","29","51","0","60","0","0","8891,71"
16/06/2021,17:02:00,"3420","2166","3000","22","0","0","60","0","0","5038,65"
16/06/2021,17:03:00,"5916","4859","5168","27","0","0","60","0","0","9236,73"
16/06/2021,17:04:00,"5120","4605","4864","26","0","0","60","0","0","8430,83"
16/06/2021,17:05:00,"4235","4551","4072","22","0","0","60","0","0","7431,56"
16/06/2021,17:06:00,"2112","1310","1872","13","0","0","60","0","0","3111,44"
16/06/2021,17:07:00,"2747","3062","2833","10","0","0","60","0","0","4994,77"
16/06/2021,17:08:00,"4290","3999","3489","38","132","0","60","0","0","6824,16"
16/06/2021,17:09:00,"3963","2139","2365","16","182","0","60","0","0","5086,64"
16/06/2021,17:10:00,"2191","1833","1649","32","65","0","60","0","0","3298,42"
16/06/2021,17:11:00,"1703","2013","1808","41","142","0","60","0","0","3197,07"
16/06/2021,17:12:00,"184","363","413","4","77","0","0","60","0","579,82"
16/06/2021,17:13:00,"1967","1560","1569","15","142","0","60","0","0","2960,48"
16/06/2021,17:14:00,"3432","2380","2509","16","203","0","60","0","0","4872,18"
16/06/2021,17:15:00,"1376","1535","1180","20","0","0","60","0","0","2375,29"
16/06/2021,17:16:00,"366","550","177","6","0","1","0","10","49","683,95"
16/06/2021,17:17:00,"169","200","312","3","0","0","0","3","57","407,31"
16/06/2021,17:18:00,"120","265","81","3","0","19","0","0","41","301,97"
16/06/2021,17:19:00,"101","109","3","4","0","6","0","1","53","148,63"
16/06/2021,17:20:00,"1179","1222","1474","12","0","0","60","0","0","2248,56"
16/06/2021,17:21:00,"267","221","126","2","0","57","0","1","2","368,79"
16/06/2021,17:22:00,"4291","5589","3745","33","0","0","60","0","0","7979,64"
16/06/2021,17:23:00,"3682","5065","6607","43","0","0","60","0","0","9102,96"
16/06/2021,17:24:00,"3478","2985","3859","22","0","0","60","0","0","5991,54"
16/06/2021,17:25:00,"2643","3449","5117","33","0","0","60","0","0","6713,03"
16/06/2021,17:26:00,"2304","2588","4862","23","0","0","60","0","0","5970,36"
16/06/2021,17:27:00,"4551","4215","4865","29","0","0","60","0","0","7883,28"
16/06/2021,17:28:00,"2778","2786","2555","36","0","0","60","0","0","4691,17"
16/06/2021,17:29:00,"4927","4648","4072","49","0","0","60","0","0","7903,19"
16/06/2021,17:30:00,"2033","1423","2565","15","0","0","60","0","0","3568,93"
16/06/2021,17:31:00,"2126","1781","4386","25","0","0","60","0","0","5189,3"
16/06/2021,17:32:00,"1476","1009","3874","23","0","0","60","0","0","4266,68"
16/06/2021,17:33:00,"4329","3515","4965","33","0","0","60","0","0","7466,37"
16/06/2021,17:34:00,"2319","2482","4312","28","0","0","60","0","0","5489,21"
16/06/2021,17:35:00,"2547","2015","4290","29","0","0","60","0","0","5380,66"
16/06/2021,17:36:00,"3723","4888","5708","33","0","0","60","0","0","8386,57"
16/06/2021,17:37:00,"3065","3044","4423","39","0","0","60","0","0","6182,48"
16/06/2021,17:38:00,"3828","3510","5060","35","0","0","60","0","0","7251,02"
16/06/2021,17:39:00,"3294","3690","5078","22","0","0","60","0","0","7088,91"
16/06/2021,17:40:00,"3163","3392","6522","26","0","0","60","0","0","8002,92"
16/06/2021,17:41:00,"3823","3826","7200","27","0","0","60","0","0","9005,2"
16/06/2021,17:42:00,"2839","3120","5588","25","0","0","60","0","0","7001,43"
16/06/2021,17:43:00,"2904","3381","6492","29","0","0","60","0","0","7874,67"
16/06/2021,17:44:00,"2844","3247","4686","27","0","0","60","0","0","6371,02"
16/06/2021,17:45:00,"2619","2719","4758","25","0","0","60","0","0","6073,77"
16/06/2021,17:46:00,"3023","3877","5631","34","0","0","60","0","0","7475,15"
16/06/2021,17:47:00,"4751","5023","7606","38","0","0","60","0","0","10278,8"
16/06/2021,17:48:00,"4982","4474","6133","34","0","0","60","0","0","9080,24"
16/06/2021,17:49:00,"3909","5728","7399","43","0","0","60","0","0","10140,78"
16/06/2021,17:50:00,"3639","6547","9102","42","0","0","60","0","0","11787,79"
16/06/2021,17:51:00,"2506","2999","5119","32","0","0","60","0","0","6440,36"
16/06/2021,17:52:00,"4199","4888","6862","38","0","0","60","0","0","9413,35"
16/06/2021,17:53:00,"4728","5823","7243","45","0","0","60","0","0","10427"
16/06/2021,17:54:00,"5106","4652","7351","33","0","0","60","0","0","10087,1"
16/06/2021,17:55:00,"4829","4758","6272","46","0","0","60","0","0","9235,57"
16/06/2021,17:56:00,"2917","2371","3703","19","0","0","60","0","0","5276,62"
16/06/2021,17:57:00,"2126","2515","3722","24","0","0","60","0","0","4969,75"
16/06/2021,17:58:00,"1985","2548","3333","35","0","0","60","0","0","4641,27"
16/06/2021,17:59:00,"3393","3266","4094","21","0","0","60","0","0","6240,2"
16/06/2021,18:00:00,"3809","3289","5518","29","0","0","60","0","0","7468,22"
16/06/2021,18:01:00,"3992","4022","6769","37","0","0","60","0","0","8827,91"
16/06/2021,18:02:00,"3858","3590","5078","36","0","0","60","0","0","7318,36"
16/06/2021,18:03:00,"4338","3527","3758","31","0","0","60","0","0","6736,51"
16/06/2021,18:04:00,"1999","2814","3169","40","0","0","60","0","0","4685,85"
16/06/2021,18:05:00,"3425","4554","6078","34","0","0","60","0","0","8331,36"
16/06/2021,18:06:00,"2545","3669","6121","31","0","0","60","0","0","7576,62"
16/06/2021,18:07:00,"4772","6198","8095","31","0","0","60","0","0","11256,83"
16/06/2021,18:08:00,"4871","4410","7024","30","0","0","60","0","0","9618,28"
16/06/2021,18:09:00,"4308","3127","6338","31","0","0","60","0","0","8276,91"
16/06/2021,18:10:00,"4465","3851","4490","49","0","0","60","0","0","7411,24"
16/06/2021,18:11:00,"2344","2445","2264","36","0","0","60","0","0","4074,07"
16/06/2021,18:12:00,"3232","4397","2591","51","0","0","60","0","0","6040,92"
16/06/2021,18:13:00,"3311","2862","2655","28","0","0","60","0","0","5118,87"
16/06/2021,18:14:00,"3572","2958","4239","23","0","0","60","0","0","6283,16"
16/06/2021,18:15:00,"3181","4971","8130","36","0","0","60","0","0","10046,22"
16/06/2021,18:16:00,"3594","3573","7379","32","0","0","60","0","0","8951,69"
16/06/2021,18:17:00,"4125","3860","6794","28","0","0","60","0","0","8835,93"
16/06/2021,18:18:00,"1183","861","971","15","0","0","60","0","0","1756,03"
16/06/2021,18:19:00,"2241","2731","2407","18","0","0","60","0","0","4274,82"
16/06/2021,18:20:00,"9","118","204","1","0","0","0","0","60","235,84"
16/06/2021,18:21:00,"30","266","291","1","0","0","0","0","60","395,39"
16/06/2021,18:22:00,"16","201","197","0","0","0","0","0","60","281,9"
16/06/2021,18:23:00,"648","611","720","6","0","0","60","0","0","1145,26"
16/06/2021,18:24:00,"5","123","141","0","0","0","0","0","60","187,18"
16/06/2021,18:25:00,"0","0","0","0","0","0","0","0","60","0"
16/06/2021,18:26:00,"210","170","137","2","0","0","0","7","53","302,93"
16/06/2021,18:27:00,"3772","2975","2868","23","0","0","60","0","0","5595"
16/06/2021,18:28:00,"3704","2695","3802","29","0","0","60","0","0","5952,97"
16/06/2021,18:29:00,"3272","2874","4241","25","0","0","60","0","0","6078,81"
16/06/2021,18:30:00,"3386","3316","4451","22","0","0","60","0","0","6501,71"
16/06/2021,18:31:00,"3628","3279","4118","50","0","0","60","0","0","6393,13"
16/06/2021,18:32:00,"2563","1965","4788","49","0","0","60","0","0","5775,39"
16/06/2021,18:33:00,"3001","2492","3831","39","0","0","60","0","0","5467,41"
16/06/2021,18:34:00,"3728","3144","3955","38","0","0","60","0","0","6278,91"
16/06/2021,18:35:00,"2463","3194","2934","60","0","0","60","0","0","4987,62"
16/06/2021,18:36:00,"2817","2527","2832","74","0","0","60","0","0","4726,67"
16/06/2021,18:37:00,"3180","3687","3389","70","0","0","60","0","0","5932,26"
16/06/2021,18:38:00,"2406","2385","2311","38","0","0","60","0","0","4100,95"
16/06/2021,18:39:00,"2799","4799","3338","40","0","0","60","0","0","6481,28"
16/06/2021,18:40:00,"1433","1081","1010","117","0","0","60","0","0","2059,65"
16/06/2021,18:41:00,"1926","2313","2663","65","0","0","60","0","0","4018,83"
16/06/2021,18:42:00,"2581","2240","4719","24","0","0","60","0","0","5826,5"
16/06/2021,18:43:00,"1071","1200","4045","17","0","0","60","0","0","4353,05"
16/06/2021,18:44:00,"3376","3045","3980","29","0","0","60","0","0","6042,33"
16/06/2021,18:45:00,"1941","2421","4287","21","0","0","60","0","0","5292,17"
16/06/2021,18:46:00,"1982","3101","5342","30","0","0","60","0","0","6487,02"
16/06/2021,18:47:00,"2827","4092","5857","32","0","0","60","0","0","7683,8"
16/06/2021,18:48:00,"4189","4558","5447","29","0","0","60","0","0","8245,78"
16/06/2021,18:49:00,"3482","4208","5439","22","0","0","60","0","0","7708,07"
16/06/2021,18:50:00,"3315","2598","3624","16","0","0","60","0","0","5556,28"
16/06/2021,18:51:00,"665","1161","1199","7","0","0","60","0","0","1796,59"
16/06/2021,18:52:00,"1195","1502","1326","8","0","0","60","0","0","2332,87"
16/06/2021,18:53:00,"2469","2040","2355","19","0","0","60","0","0","3975,37"
16/06/2021,18:54:00,"3579","2247","3482","17","0","0","60","0","0","5475,63"
16/06/2021,18:55:00,"5071","3725","3854","22","0","0","60","0","0","7378,62"
16/06/2021,18:56:00,"4351","3736","2498","16","0","0","60","0","0","6255,31"
16/06/2021,18:57:00,"2701","1682","1938","11","0","0","60","0","0","3725,64"
16/06/2021,18:58:00,"1661","895","1603","14","0","0","60","0","0","2475,79"
16/06/2021,18:59:00,"28","62","310","1","0","0","0","56","4","317,38"
16/06/2021,19:00:00,"228","85","320","1","0","0","0","58","2","402,01"
16/06/2021,19:01:00,"275","65","503","1","0","0","0","26","34","576,94"
16/06/2021,19:02:00,"6","0","0","0","0","0","0","0","60","6"
16/06/2021,19:03:00,"222","61","116","1","0","0","0","57","3","257,8"
16/06/2021,19:04:00,"0","0","11","0","0","0","0","40","20","11"
16/06/2021,19:05:00,"154","16","105","3","0","0","0","27","33","187,07"
16/06/2021,19:06:00,"493","820","1223","4","0","0","60","0","0","1552,8"
16/06/2021,19:07:00,"4079","3193","4390","26","0","0","60","0","0","6790,11"
16/06/2021,19:08:00,"2768","3131","4789","33","0","0","60","0","0","6356,06"
16/06/2021,19:09:00,"3415","5403","6725","49","0","0","60","0","0","9277,94"
16/06/2021,19:10:00,"2811","3184","7623","29","0","0","60","0","0","8726,38"
16/06/2021,19:11:00,"2732","4960","7434","35","0","0","60","0","0","9345,04"
16/06/2021,19:12:00,"3283","5690","5754","42","0","0","60","0","0","8732,85"
16/06/2021,19:13:00,"4000","5893","6386","50","0","0","60","0","0","9566"
16/06/2021,19:14:00,"2871","6136","6978","36","0","0","60","0","0","9725,51"
16/06/2021,19:15:00,"2812","4117","6677","38","0","0","60","0","0","8333,03"
16/06/2021,19:16:00,"4752","3919","4958","52","0","0","60","0","0","7907,07"
16/06/2021,19:17:00,"7001","5521","6731","52","0","0","60","0","0","11171,47"
16/06/2021,19:18:00,"5649","4589","6175","52","0","0","60","0","0","9544,67"
16/06/2021,19:19:00,"4261","4384","6199","36","0","0","60","0","0","8706,5"
16/06/2021,19:20:00,"3771","3429","4467","27","0","0","60","0","0","6777,36"
16/06/2021,19:21:00,"3585","3284","5045","32","0","0","60","0","0","7006,35"
16/06/2021,19:22:00,"3767","5090","6284","46","0","0","60","0","0","8921,16"
16/06/2021,19:23:00,"2678","3267","4830","26","0","0","60","0","0","6416,69"
16/06/2021,19:24:00,"3839","2816","4094","26","0","0","60","0","0","6279,22"
16/06/2021,19:25:00,"4145","2211","3566","27","0","0","60","0","0","5897,96"
16/06/2021,19:26:00,"3398","3679","2734","27","0","0","60","0","0","5705,8"
16/06/2021,19:27:00,"3281","3999","5528","56","0","0","60","0","0","7570,72"
16/06/2021,19:28:00,"3624","5209","3484","52","0","0","60","0","0","7239,15"
16/06/2021,19:29:00,"3380","5698","3124","72","0","0","60","0","0","7324,68"
16/06/2021,19:30:00,"5132","6091","4088","68","0","0","60","0","0","8952,62"
16/06/2021,19:31:00,"4229","7858","5311","61","0","0","60","0","0","10384,57"
16/06/2021,19:32:00,"3343","4848","6344","33","0","0","60","0","0","8655,93"
16/06/2021,19:33:00,"4702","5488","6561","28","0","0","60","0","0","9760,82"
16/06/2021,19:34:00,"5795","4678","5318","43","0","0","60","0","0","9151,33"
16/06/2021,19:35:00,"5605","5591","7356","40","0","0","60","0","0","10806,76"
16/06/2021,19:36:00,"5522","3796","5078","32","0","0","60","0","0","8407,63"
16/06/2021,19:37:00,"3917","3670","5816","40","0","0","60","0","0","7914,39"
16/06/2021,19:38:00,"3848","3828","6905","34","0","0","60","0","0","8782,92"
16/06/2021,19:39:00,"5592","5400","7991","35","0","0","60","0","0","11148,39"
16/06/2021,19:40:00,"5786","5357","6551","43","0","0","60","0","0","10251,38"
16/06/2021,19:41:00,"5003","3835","4627","35","0","0","60","0","0","7819,61"
16/06/2021,19:42:00,"6848","4666","5224","38","0","0","60","0","0","9795,76"
16/06/2021,19:43:00,"5052","3585","3508","43","0","0","60","0","0","7119,06"
16/06/2021,19:44:00,"5441","5304","4247","43","0","0","60","0","0","8704,82"
16/06/2021,19:45:00,"7700","6710","6370","36","0","0","60","0","0","12037,07"
16/06/2021,19:46:00,"6026","5441","5189","39","0","0","60","0","0","9635,5"
16/06/2021,19:47:00,"5598","4313","3492","36","0","0","60","0","0","7882,49"
16/06/2021,19:48:00,"4552","3218","4518","28","0","0","60","0","0","7175,55"
16/06/2021,19:49:00,"3989","2985","3883","22","0","0","60","0","0","6316,65"
16/06/2021,19:50:00,"2224","2402","3080","21","0","0","60","0","0","4494,68"
16/06/2021,19:51:00,"4862","3729","5139","40","0","0","60","0","0","7997,11"
16/06/2021,19:52:00,"3070","2398","3556","18","0","0","60","0","0","5274,51"
16/06/2021,19:53:00,"4712","3119","3575","23","0","0","60","0","0","6686,68"
16/06/2021,19:54:00,"2841","2682","2010","16","0","0","60","0","0","4393,69"
16/06/2021,19:55:00,"31","24","61","1","0","0","0","0","60","72,51"
16/06/2021,19:56:00,"16","6","36","0","0","0","0","0","60","39,85"
16/06/2021,19:57:00,"0","24","86","0","0","0","0","0","60","89,29"
16/06/2021,19:58:00,"2368","2021","2209","11","0","0","60","0","0","3817,27"
16/06/2021,19:59:00,"6501","5242","3941","33","0","0","60","0","0","9234,34"
16/06/2021,20:00:00,"7126","5567","3771","26","0","0","60","0","0","9797,54"
16/06/2021,20:01:00,"8437","4587","4626","25","0","0","60","0","0","10659,43"
16/06/2021,20:02:00,"7415","4109","4319","35","0","0","60","0","0","9514,19"
16/06/2021,20:03:00,"4169","3683","2970","24","0","0","60","0","0","6306,02"
16/06/2021,20:04:00,"4597","4224","4397","28","0","0","60","0","0","7635,98"
16/06/2021,20:05:00,"3817","4823","3228","33","0","0","60","0","0","6946,28"
16/06/2021,20:06:00,"1914","2228","3552","12","0","0","60","0","0","4609,13"
16/06/2021,20:07:00,"5631","6380","7501","44","0","0","60","0","0","11343,61"
16/06/2021,20:08:00,"6678","5590","5719","63","0","0","60","0","0","10418,77"
16/06/2021,20:09:00,"2054","1647","3760","18","0","0","60","0","0","4590,11"
16/06/2021,20:10:00,"3754","3999","2949","18","0","0","60","0","0","6227,45"
16/06/2021,20:11:00,"1599","2327","2857","11","0","0","60","0","0","4016,74"
16/06/2021,20:12:00,"3266","4002","4312","24","0","0","60","0","0","6728,75"
16/06/2021,20:13:00,"1067","1774","2020","38","0","0","60","0","0","2892,4"
16/06/2021,20:14:00,"1211","2361","2605","25","0","0","60","0","0","3718,45"
16/06/2021,20:15:00,"2490","3179","5391","38","0","0","60","0","0","6735,65"
16/06/2021,20:16:00,"2958","3530","5163","34","0","0","60","0","0","6918,61"
16/06/2021,20:17:00,"2353","2784","5137","15","0","0","60","0","0","6298,89"
16/06/2021,20:18:00,"2708","2429","4145","25","0","0","60","0","0","5514,92"
16/06/2021,20:19:00,"5590","6409","6499","51","0","0","60","0","0","10703,29"
16/06/2021,20:20:00,"5407","6462","7975","72","0","0","60","0","0","11601,45"
16/06/2021,20:21:00,"3102","4136","4442","30","0","0","60","0","0","6816,18"
16/06/2021,20:22:00,"1454","1185","1885","11","0","0","60","0","0","2659,24"
16/06/2021,20:23:00,"1913","1899","1859","13","0","0","60","0","0","3274,39"
16/06/2021,20:24:00,"4470","4418","3731","21","0","0","60","0","0","7308,9"
16/06/2021,20:25:00,"5741","5229","4368","31","0","0","60","0","0","8909,6"
16/06/2021,20:26:00,"6774","5565","5744","36","0","0","60","0","0","10480,93"
16/06/2021,20:27:00,"3749","2851","4498","29","0","0","60","0","0","6512,7"
16/06/2021,20:28:00,"1740","3053","1796","27","0","0","60","0","0","3946,39"
16/06/2021,20:29:00,"3223","2242","4095","31","0","0","60","0","0","5673,03"
16/06/2021,20:30:00,"3407","2492","4344","29","0","0","60","0","0","6057,07"
16/06/2021,20:31:00,"3519","3091","3814","30","0","0","60","0","0","6040,22"
16/06/2021,20:32:00,"5482","5045","4597","26","0","0","60","0","0","8754,24"
16/06/2021,20:33:00,"585","1059","2324","9","0","0","60","0","0","2620,05"
16/06/2021,20:34:00,"926","1530","2206","16","0","0","60","0","0","2839,86"
16/06/2021,20:35:00,"1414","2109","2072","18","0","0","60","0","0","3277,26"
16/06/2021,20:36:00,"901","1021","1407","11","0","0","60","0","0","1958,03"
16/06/2021,20:37:00,"809","1286","1409","13","0","0","60","0","0","2072,09"
16/06/2021,20:38:00,"431","574","781","7","0","0","60","0","0","1060,75"
16/06/2021,20:39:00,"897","1113","1277","9","0","0","60","0","0","1916,8"
16/06/2021,20:40:00,"27","22","101","1","0","0","0","0","60","106,84"
16/06/2021,20:41:00,"1454","1719","1854","20","0","0","60","0","0","2916,57"
16/06/2021,20:42:00,"774","1392","1350","9","0","0","60","0","0","2087,88"
16/06/2021,20:43:00,"785","559","333","4","0","0","60","0","0","1019,61"
16/06/2021,20:44:00,"557","927","1013","9","0","0","60","0","0","1481,81"
16/06/2021,20:45:00,"304","442","501","4","0","0","0","2","58","734,02"
16/06/2021,20:46:00,"172","354","281","3","0","0","3","45","12","483,59"
16/06/2021,20:47:00,"721","764","646","6","0","0","60","0","0","1233,23"
16/06/2021,20:48:00,"0","5","10","0","0","0","0","0","60","11,18"
16/06/2021,20:49:00,"135","147","205","3","0","0","0","0","60","286,11"
16/06/2021,20:50:00,"678","1154","429","5","0","0","60","0","0","1405,5"
16/06/2021,20:51:00,"434","446","774","7","0","0","60","0","0","993,15"
16/06/2021,20:52:00,"640","771","446","5","0","0","60","0","0","1096,79"
16/06/2021,20:53:00,"1055","1432","978","12","0","0","60","0","0","2029,81"
16/06/2021,20:54:00,"203","90","49","1","0","0","0","0","60","227,4"
16/06/2021,20:55:00,"1549","1932","1191","11","0","0","60","0","0","2747,82"
16/06/2021,20:56:00,"708","1059","310","4","0","0","60","0","0","1311,05"
16/06/2021,20:57:00,"278","165","466","3","0","0","0","22","38","567,16"
16/06/2021,20:58:00,"798","803","1123","7","0","0","60","0","0","1594,6"
16/06/2021,20:59:00,"495","296","604","1","0","0","60","0","0","835,14"
16/06/2021,21:00:00,"1401","1639","2468","14","0","0","60","0","0","3277,22"
16/06/2021,21:01:00,"1182","1590","1671","4","0","0","60","0","0","2591,81"
16/06/2021,21:02:00,"3366","2470","3089","23","0","0","60","0","0","5193,53"
16/06/2021,21:03:00,"1640","1491","2298","16","0","0","60","0","0","3192,72"
16/06/2021,21:04:00,"2781","1908","1955","9","0","0","60","0","0","3898,26"
16/06/2021,21:05:00,"3189","1693","1806","17","0","0","60","0","0","4037,03"
16/06/2021,21:06:00,"4356","3099","4774","25","0","0","60","0","0","7167,26"
16/06/2021,21:07:00,"1629","1018","1448","10","0","0","60","0","0","2405,55"
16/06/2021,21:08:00,"648","273","683","6","0","0","60","0","0","980,27"
16/06/2021,21:09:00,"1981","1513","1953","17","0","0","60","0","0","3166,66"
16/06/2021,21:10:00,"283","276","1225","4","0","0","0","7","53","1287,2"
16/06/2021,21:11:00,"0","0","206","0","0","0","0","0","60","206"
16/06/2021,21:12:00,"0","0","0","0","0","0","0","0","60","0"
16/06/2021,21:13:00,"69","11","132","1","0","0","0","0","60","149,35"
16/06/2021,21:14:00,"180","220","709","4","0","0","0","0","60","763,86"
16/06/2021,21:15:00,"32","192","684","0","0","0","0","0","60","711,16"
16/06/2021,21:16:00,"0","0","332","0","0","0","0","0","60","332"
16/06/2021,21:17:00,"0","28","238","0","0","0","0","0","60","239,64"
16/06/2021,21:18:00,"0","0","0","0","0","0","0","0","60","0"
16/06/2021,21:19:00,"1110","1064","1967","10","0","0","60","0","0","2496,65"
16/06/2021,21:20:00,"669","587","994","3","0","0","60","0","0","1334,23"
16/06/2021,21:21:00,"0","0","9","0","0","0","0","0","60","9"
16/06/2021,21:22:00,"56","17","22","0","0","0","0","1","59","62,52"
16/06/2021,21:23:00,"0","0","10","0","0","0","0","0","60","10"
16/06/2021,21:24:00,"689","357","850","3","0","0","60","0","0","1150,94"
16/06/2021,21:25:00,"0","0","0","0","0","0","0","0","60","0"
16/06/2021,21:26:00,"0","0","0","0","0","0","0","0","60","0"
16/06/2021,21:27:00,"0","0","0","0","0","0","0","0","60","0"
16/06/2021,21:28:00,"51","0","83","2","0","0","0","0","60","97,42"
16/06/2021,21:29:00,"2194","2315","2324","22","0","0","60","0","0","3946,37"
16/06/2021,21:30:00,"478","793","617","2","0","0","60","0","0","1112,66"
16/06/2021,21:31:00,"87","206","102","1","0","0","0","60","0","245,78"
16/06/2021,21:32:00,"122","552","476","2","0","0","0","60","0","739,03"
16/06/2021,21:33:00,"0","0","0","0","0","0","0","60","0","0"
16/06/2021,21:34:00,"0","0","0","0","0","0","0","60","0","0"
16/06/2021,21:35:00,"12","143","47","1","0","0","0","60","0","151"
16/06/2021,21:36:00,"638","779","647","3","0","0","60","0","0","1196,87"
16/06/2021,21:37:00,"0","0","0","0","0","0","0","60","0","0"
16/06/2021,21:38:00,"508","442","353","2","0","0","60","0","0","760,29"
16/06/2021,21:39:00,"309","383","812","7","0","0","0","59","1","949,48"
16/06/2021,21:40:00,"36","158","22","2","0","0","0","60","0","163,54"
16/06/2021,21:41:00,"0","0","0","0","0","0","0","60","0","0"
16/06/2021,21:42:00,"731","704","872","5","0","0","60","0","0","1338,04"
16/06/2021,21:43:00,"282","483","129","3","0","0","0","58","2","573,98"
16/06/2021,21:44:00,"0","0","0","0","0","0","0","60","0","0"
16/06/2021,21:45:00,"0","0","0","0","0","0","0","60","0","0"
16/06/2021,21:46:00,"0","0","0","0","0","0","0","60","0","0"
16/06/2021,21:47:00,"0","0","0","0","0","0","0","60","0","0"
16/06/2021,21:48:00,"2075","3090","3795","14","0","0","60","0","0","5315,61"
16/06/2021,21:49:00,"1018","1339","1021","5","0","0","60","0","0","1967,66"
16/06/2021,21:50:00,"0","0","0","0","0","0","0","60","0","0"
16/06/2021,21:51:00,"0","0","0","0","0","0","0","60","0","0"
16/06/2021,21:52:00,"0","0","0","0","0","0","0","60","0","0"
16/06/2021,21:53:00,"0","0","0","0","0","0","0","60","0","0"
16/06/2021,21:54:00,"0","0","0","0","0","0","0","60","0","0"
16/06/2021,21:55:00,"0","0","0","0","0","0","0","60","0","0"
16/06/2021,21:56:00,"0","0","0","0","0","0","0","60","0","0"
16/06/2021,21:57:00,"0","0","0","0","0","60","0","0","0","0"
16/06/2021,21:58:00,"0","0","0","0","0","60","0","0","0","0"
16/06/2021,21:59:00,"0","0","0","0","0","60","0","0","0","0"
16/06/2021,22:00:00,"0","0","0","0","0","60","0","0","0","0"
16/06/2021,22:01:00,"203","78","233","2","0","0","0","60","0","318,72"
16/06/2021,22:02:00,"1297","1600","1125","8","0","0","60","0","0","2346,88"
16/06/2021,22:03:00,"0","0","0","0","0","60","0","0","0","0"
16/06/2021,22:04:00,"6","60","7","0","0","60","0","0","0","60,7"
16/06/2021,22:05:00,"0","0","0","0","0","60","0","0","0","0"
16/06/2021,22:06:00,"0","0","0","0","0","60","0","0","0","0"
16/06/2021,22:07:00,"0","0","0","0","0","60","0","0","0","0"
16/06/2021,22:08:00,"198","394","165","2","0","58","0","0","2","470,81"
16/06/2021,22:09:00,"0","0","0","0","0","60","0","0","0","0"
16/06/2021,22:10:00,"41","163","0","1","0","60","0","0","0","168,08"
16/06/2021,22:11:00,"611","657","656","2","0","0","60","0","0","1111,44"
16/06/2021,22:12:00,"52","161","48","1","0","60","0","0","0","175,87"
16/06/2021,22:13:00,"20","33","7","1","0","60","0","0","0","39,22"
16/06/2021,22:14:00,"351","585","723","4","0","13","0","0","47","994,06"
16/06/2021,22:15:00,"104","319","154","1","0","48","0","0","12","369,18"
16/06/2021,22:16:00,"0","0","0","0","0","60","0","0","0","0"
16/06/2021,22:17:00,"0","0","0","0","0","60","0","0","0","0"
16/06/2021,22:18:00,"0","0","0","0","0","60","0","0","0","0"
16/06/2021,22:19:00,"0","0","0","0","0","60","0","0","0","0"
16/06/2021,22:20:00,"0","0","0","0","0","60","0","0","0","0"
16/06/2021,22:21:00,"0","0","0","0","0","60","0","0","0","0"
16/06/2021,22:22:00,"0","0","0","0","0","60","0","0","0","0"
16/06/2021,22:23:00,"0","0","0","0","0","60","0","0","0","0"
16/06/2021,22:24:00,"0","0","0","0","0","60","0","0","0","0"
16/06/2021,22:25:00,"0","0","0","0","0","60","0","0","0","0"
16/06/2021,22:26:00,"0","4","0","0","0","60","0","0","0","4"
16/06/2021,22:27:00,"0","0","0","0","0","60","0","0","0","0"
16/06/2021,22:28:00,"0","0","0","0","0","60","0","0","0","0"
16/06/2021,22:29:00,"0","0","0","0","0","60","0","0","0","0"
16/06/2021,22:30:00,"0","0","0","0","0","60","0","0","0","0"
16/06/2021,22:31:00,"0","0","0","0","0","60","0","0","0","0"
16/06/2021,22:32:00,"0","0","0","0","0","60","0","0","0","0"
16/06/2021,22:33:00,"0","0","0","0","0","60","0","0","0","0"
16/06/2021,22:34:00,"0","0","0","0","0","60","0","0","0","0"
16/06/2021,22:35:00,"0","0","0","0","0","60","0","0","0","0"
16/06/2021,22:36:00,"0","0","0","0","0","60","0","0","0","0"
16/06/2021,22:37:00,"0","0","0","0","0","60","0","0","0","0"
16/06/2021,22:38:00,"0","0","0","0","0","60","0","0","0","0"
16/06/2021,22:39:00,"0","0","0","0","0","60","0","0","0","0"
16/06/2021,22:40:00,"0","0","0","0","0","60","0","0","0","0"
16/06/2021,22:41:00,"0","0","0","0","0","60","0","0","0","0"
16/06/2021,22:42:00,"0","0","0","0","0","60","0","0","0","0"
16/06/2021,22:43:00,"0","0","0","0","0","60","0","0","0","0"
16/06/2021,22:44:00,"0","0","0","0","0","60","0","0","0","0"
16/06/2021,22:45:00,"0","0","0","0","0","60","0","0","0","0"
16/06/2021,22:46:00,"0","0","0","0","0","60","0","0","0","0"
16/06/2021,22:47:00,"0","0","0","0","0","60","0","0","0","0"
16/06/2021,22:48:00,"0","0","0","0","0","60","0","0","0","0"
16/06/2021,22:49:00,"0","0","0","0","0","60","0","0","0","0"
16/06/2021,22:50:00,"0","0","0","0","0","60","0","0","0","0"
16/06/2021,22:51:00,"99","608","274","3","0","50","0","0","10","674,2"
16/06/2021,22:52:00,"1002","1483","1195","3","0","0","60","0","0","2152,05"
16/06/2021,22:53:00,"747","767","643","6","0","0","60","0","0","1248,9"
16/06/2021,22:54:00,"0","0","0","0","0","0","0","0","60","0"
16/06/2021,22:55:00,"0","0","0","0","0","0","0","0","60","0"
16/06/2021,22:56:00,"174","355","150","3","0","1","0","1","58","422,85"
16/06/2021,22:57:00,"0","0","0","0","0","0","0","0","60","0"
16/06/2021,22:58:00,"0","0","0","0","0","0","0","0","60","0"
16/06/2021,22:59:00,"0","0","0","0","0","0","0","0","60","0"
16/06/2021,23:00:00,"0","0","0","0","0","60","0","0","0","0"
16/06/2021,23:01:00,"0","0","0","0","0","60","0","0","0","0"
16/06/2021,23:02:00,"0","0","0","0","0","60","0","0","0","0"
16/06/2021,23:03:00,"765","1060","872","3","0","0","60","0","0","1571,37"
16/06/2021,23:04:00,"359","345","89","2","0","4","0","55","1","505,79"
16/06/2021,23:05:00,"237","672","471","4","0","0","0","49","11","854,16"
16/06/2021,23:06:00,"342","690","164","2","0","4","0","0","56","787,38"
16/06/2021,23:07:00,"0","0","0","0","0","0","0","0","60","0"
16/06/2021,23:08:00,"0","0","0","0","0","0","0","0","60","0"
16/06/2021,23:09:00,"0","0","0","0","0","0","0","0","60","0"
16/06/2021,23:10:00,"0","0","0","0","0","0","0","0","60","0"
16/06/2021,23:11:00,"0","0","0","0","0","0","0","0","60","0"
16/06/2021,23:12:00,"0","0","0","0","0","0","0","0","60","0"
16/06/2021,23:13:00,"0","0","0","0","0","0","0","0","60","0"
16/06/2021,23:14:00,"185","320","68","1","0","0","0","22","38","375,83"
16/06/2021,23:15:00,"0","0","0","0","0","0","0","60","0","0"
16/06/2021,23:16:00,"0","0","0","0","0","0","0","60","0","0"
16/06/2021,23:17:00,"0","0","0","0","0","0","0","60","0","0"
16/06/2021,23:18:00,"0","0","0","0","0","60","0","0","0","0"
16/06/2021,23:19:00,"0","0","0","0","0","60","0","0","0","0"
16/06/2021,23:20:00,"0","0","0","0","0","60","0","0","0","0"
16/06/2021,23:21:00,"0","0","0","0","0","60","0","0","0","0"
16/06/2021,23:22:00,"0","0","0","0","0","60","0","0","0","0"
16/06/2021,23:23:00,"0","0","0","0","0","60","0","0","0","0"
16/06/2021,23:24:00,"285","645","806","1","0","3","0","25","32","1070,93"
16/06/2021,23:25:00,"0","8","3","0","0","0","0","0","60","8,54"
16/06/2021,23:26:00,"0","7","8","0","0","0","0","0","60","10,63"
16/06/2021,23:27:00,"128","398","547","1","0","34","0","1","25","688,47"
16/06/2021,23:28:00,"0","0","0","0","0","60","0","0","0","0"
16/06/2021,23:29:00,"0","0","0","0","0","60","0","0","0","0"
16/06/2021,23:30:00,"0","0","0","0","0","60","0","0","0","0"
16/06/2021,23:31:00,"0","0","0","0","0","60","0","0","0","0"
16/06/2021,23:32:00,"0","0","0","0","0","60","0","0","0","0"
16/06/2021,23:33:00,"0","0","0","0","0","60","0","0","0","0"
16/06/2021,23:34:00,"0","0","0","0","0","60","0","0","0","0"
16/06/2021,23:35:00,"0","0","0","0","0","60","0","0","0","0"
16/06/2021,23:36:00,"1010","1235","775","8","0","0","60","0","0","1773,68"
16/06/2021,23:37:00,"2803","3025","2388","19","0","0","60","0","0","4765,5"
16/06/2021,23:38:00,"1757","1881","2099","12","0","0","60","0","0","3321,3"
16/06/2021,23:39:00,"3440","3184","3493","24","0","0","60","0","0","5845,73"
16/06/2021,23:40:00,"3472","3245","3333","29","0","0","60","0","0","5804,63"
16/06/2021,23:41:00,"515","2080","2190","4","0","0","60","0","0","3063,94"
16/06/2021,23:42:00,"336","846","829","5","0","0","2","13","45","1231,2"
16/06/2021,23:43:00,"0","7","0","0","0","0","0","0","60","7"
16/06/2021,23:44:00,"196","415","674","1","0","0","0","19","41","815,42"
16/06/2021,23:45:00,"0","0","0","0","0","0","0","60","0","0"
16/06/2021,23:46:00,"2964","2408","2318","11","0","0","60","0","0","4467,31"
16/06/2021,23:47:00,"590","975","274","6","0","0","60","0","0","1172,09"
16/06/2021,23:48:00,"0","0","0","0","0","0","0","60","0","0"
16/06/2021,23:49:00,"0","0","0","0","0","0","0","60","0","0"
16/06/2021,23:50:00,"0","0","0","0","0","0","0","60","0","0"
16/06/2021,23:51:00,"0","0","0","0","0","60","0","0","0","0"
16/06/2021,23:52:00,"1762","1812","1197","10","0","0","60","0","0","2796,57"
16/06/2021,23:53:00,"0","0","0","0","0","0","0","0","60","0"
16/06/2021,23:54:00,"0","0","0","0","0","0","0","0","60","0"
16/06/2021,23:55:00,"0","0","0","0","0","0","0","0","60","0"
16/06/2021,23:56:00,"0","0","0","0","0","0","0","0","60","0"
16/06/2021,23:57:00,"0","0","0","0","0","0","0","0","60","0"
16/06/2021,23:58:00,"1656","1597","1715","4","0","0","60","0","0","2869,49"
16/06/2021,23:59:00,"1257","1735","1506","9","0","0","60","0","0","2618,84"
17/06/2021,00:00:00,"0","0","0","0","0","60","0","0","0","0"
17/06/2021,00:01:00,"8","397","33","0","0","59","0","0","1","398,45"
17/06/2021,00:02:00,"12","179","18","0","0","60","0","0","0","180,3"
17/06/2021,00:03:00,"0","9","0","0","0","60","0","0","0","9"
17/06/2021,00:04:00,"16","377","115","1","0","11","0","0","49","394,47"
17/06/2021,00:05:00,"0","0","0","0","0","0","0","0","60","0"
17/06/2021,00:06:00,"0","303","62","0","0","49","0","0","11","309,28"
17/06/2021,00:07:00,"0","0","0","0","0","60","0","0","0","0"
17/06/2021,00:08:00,"0","0","0","0","0","60","0","0","0","0"
17/06/2021,00:09:00,"0","0","0","0","0","60","0","0","0","0"
17/06/2021,00:10:00,"0","0","0","0","0","60","0","0","0","0"
17/06/2021,00:11:00,"0","0","0","0","0","60","0","0","0","0"
17/06/2021,00:12:00,"0","0","0","0","0","60","0","0","0","0"
17/06/2021,00:13:00,"0","0","0","0","0","60","0","0","0","0"
17/06/2021,00:14:00,"0","0","0","0","0","60","0","0","0","0"
17/06/2021,00:15:00,"0","28","0","0","0","60","0","0","0","28"
17/06/2021,00:16:00,"0","0","0","0","0","60","0","0","0","0"
17/06/2021,00:17:00,"0","0","0","0","0","60","0","0","0","0"
17/06/2021,00:18:00,"0","355","95","0","0","57","0","0","3","367,49"
17/06/2021,00:19:00,"0","0","0","0","0","60","0","0","0","0"
17/06/2021,00:20:00,"0","0","0","0","0","60","0","0","0","0"
17/06/2021,00:21:00,"0","0","0","0","0","60","0","0","0","0"
17/06/2021,00:22:00,"0","0","0","0","0","60","0","0","0","0"
17/06/2021,00:23:00,"0","0","0","0","0","60","0","0","0","0"
17/06/2021,00:24:00,"0","0","0","0","0","60","0","0","0","0"
17/06/2021,00:25:00,"718","968","541","4","0","0","60","0","0","1321,07"
17/06/2021,00:26:00,"0","0","0","0","0","0","0","0","60","0"
17/06/2021,00:27:00,"0","0","0","0","0","0","0","0","60","0"
17/06/2021,00:28:00,"0","0","0","0","0","0","0","0","60","0"
17/06/2021,00:29:00,"0","0","0","0","0","60","0","0","0","0"
17/06/2021,00:30:00,"0","0","0","0","0","60","0","0","0","0"
17/06/2021,00:31:00,"0","0","0","0","0","60","0","0","0","0"
17/06/2021,00:32:00,"0","0","0","0","0","60","0","0","0","0"
17/06/2021,00:33:00,"0","0","0","0","0","60","0","0","0","0"
17/06/2021,00:34:00,"0","0","0","0","0","60","0","0","0","0"
17/06/2021,00:35:00,"0","80","26","0","0","0","0","6","54","84,12"
17/06/2021,00:36:00,"0","0","0","0","0","0","0","60","0","0"
17/06/2021,00:37:00,"0","0","0","0","0","0","0","60","0","0"
17/06/2021,00:38:00,"0","0","0","0","0","0","0","60","0","0"
17/06/2021,00:39:00,"0","0","0","0","0","60","0","0","0","0"
17/06/2021,00:40:00,"0","0","0","0","0","60","0","0","0","0"
17/06/2021,00:41:00,"0","0","0","0","0","60","0","0","0","0"
17/06/2021,00:42:00,"0","0","0","0","0","60","0","0","0","0"
17/06/2021,00:43:00,"0","0","0","0","0","60","0","0","0","0"
17/06/2021,00:44:00,"0","0","0","0","0","60","0","0","0","0"
17/06/2021,00:45:00,"0","0","0","0","0","60","0","0","0","0"
17/06/2021,00:46:00,"0","0","0","0","0","60","0","0","0","0"
17/06/2021,00:47:00,"0","0","0","0","0","60","0","0","0","0"
17/06/2021,00:48:00,"0","0","0","0","0","60","0","0","0","0"
17/06/2021,00:49:00,"0","0","0","0","0","60","0","0","0","0"
17/06/2021,00:50:00,"0","0","0","0","0","60","0","0","0","0"
17/06/2021,00:51:00,"0","0","0","0","0","60","0","0","0","0"
17/06/2021,00:52:00,"1244","1658","1572","6","0","0","60","0","0","2601,48"
17/06/2021,00:53:00,"344","221","129","3","0","2","0","0","58","428,74"
17/06/2021,00:54:00,"429","974","1340","4","0","0","60","0","0","1711,23"
17/06/2021,00:55:00,"219","582","697","2","0","60","0","0","0","934,07"
17/06/2021,00:56:00,"0","0","0","0","0","60","0","0","0","0"
17/06/2021,00:57:00,"0","0","0","0","0","60","0","0","0","0"
17/06/2021,00:58:00,"0","0","0","0","0","60","0","0","0","0"
17/06/2021,00:59:00,"0","0","0","0","0","60","0","0","0","0"
17/06/2021,01:00:00,"0","0","0","0","0","60","0","0","0","0"
17/06/2021,01:01:00,"0","0","0","0","0","60","0","0","0","0"
17/06/2021,01:02:00,"0","0","0","0","0","60","0","0","0","0"
17/06/2021,01:03:00,"0","0","0","0","0","60","0","0","0","0"
17/06/2021,01:04:00,"158","589","526","2","0","31","0","0","29","805,33"
17/06/2021,01:05:00,"0","0","0","0","0","0","0","0","60","0"
17/06/2021,01:06:00,"0","0","0","0","0","0","0","0","60","0"
17/06/2021,01:07:00,"0","0","0","0","0","0","0","0","60","0"
17/06/2021,01:08:00,"0","0","0","0","0","0","0","0","60","0"
17/06/2021,01:09:00,"0","304","22","0","0","5","0","0","55","304,8"
17/06/2021,01:10:00,"0","0","0","0","0","0","0","0","60","0"
17/06/2021,01:11:00,"0","0","0","0","0","0","0","0","60","0"
17/06/2021,01:12:00,"558","1164","1648","7","0","0","60","0","0","2093,36"
17/06/2021,01:13:00,"0","0","0","0","0","0","0","0","60","0"
17/06/2021,01:14:00,"0","0","0","0","0","0","0","0","60","0"
17/06/2021,01:15:00,"0","0","0","0","0","0","0","0","60","0"
17/06/2021,01:16:00,"0","0","0","0","0","60","0","0","0","0"
17/06/2021,01:17:00,"0","0","0","0","0","60","0","0","0","0"
17/06/2021,01:18:00,"0","0","0","0","0","60","0","0","0","0"
17/06/2021,01:19:00,"0","0","0","0","0","60","0","0","0","0"
17/06/2021,01:20:00,"0","0","0","0","0","60","0","0","0","0"
17/06/2021,01:21:00,"0","0","0","0","0","60","0","0","0","0"
17/06/2021,01:22:00,"0","0","0","0","0","60","0","0","0","0"
17/06/2021,01:23:00,"0","0","0","0","0","60","0","0","0","0"
17/06/2021,01:24:00,"0","0","0","0","0","60","0","0","0","0"
17/06/2021,01:25:00,"0","0","0","0","0","60","0","0","0","0"
17/06/2021,01:26:00,"0","0","0","0","0","60","0","0","0","0"
17/06/2021,01:27:00,"0","0","0","0","0","60","0","0","0","0"
17/06/2021,01:28:00,"0","0","0","0","0","60","0","0","0","0"
17/06/2021,01:29:00,"0","0","0","0","0","60","0","0","0","0"
17/06/2021,01:30:00,"0","0","0","0","0","0","0","0","60","0"
17/06/2021,01:31:00,"682","1100","997","5","0","0","60","0","0","1633,75"
17/06/2021,01:32:00,"0","0","0","0","0","0","0","0","60","0"
17/06/2021,01:33:00,"0","2","0","0","0","0","0","0","60","2"
17/06/2021,01:34:00,"0","0","0","0","0","0","0","0","60","0"
17/06/2021,01:35:00,"0","18","0","0","0","14","0","0","46","18"
17/06/2021,01:36:00,"0","0","0","0","0","60","0","0","0","0"
17/06/2021,01:37:00,"0","0","0","0","0","60","0","0","0","0"
17/06/2021,01:38:00,"43","0","4","0","0","38","0","0","22","43,19"
17/06/2021,01:39:00,"0","0","0","0","0","60","0","0","0","0"
17/06/2021,01:40:00,"702","545","1017","5","0","0","60","0","0","1350,6"
17/06/2021,01:41:00,"62","52","40","1","0","60","0","0","0","90,27"
17/06/2021,01:42:00,"0","0","0","0","0","60","0","0","0","0"
17/06/2021,01:43:00,"0","0","0","0","0","60","0","0","0","0"
17/06/2021,01:44:00,"0","0","0","0","0","60","0","0","0","0"
17/06/2021,01:45:00,"0","0","0","0","0","60","0","0","0","0"
17/06/2021,01:46:00,"0","0","0","0","0","60","0","0","0","0"
17/06/2021,01:47:00,"0","0","0","0","0","60","0","0","0","0"
17/06/2021,01:48:00,"0","0","0","0","0","60","0","0","0","0"
17/06/2021,01:49:00,"0","0","0","0","0","60","0","0","0","0"
17/06/2021,01:50:00,"132","407","114","2","0","51","0","0","9","442,8"
17/06/2021,01:51:00,"0","0","0","0","0","0","0","0","60","0"
17/06/2021,01:52:00,"0","0","0","0","0","0","0","0","60","0"
17/06/2021,01:53:00,"0","0","0","0","0","0","0","0","60","0"
17/06/2021,01:54:00,"0","0","0","0","0","60","0","0","0","0"
17/06/2021,01:55:00,"0","0","0","0","0","60","0","0","0","0"
17/06/2021,01:56:00,"0","0","0","0","0","60","0","0","0","0"
17/06/2021,01:57:00,"0","0","0","0","0","60","0","0","0","0"
17/06/2021,01:58:00,"0","0","0","0","0","60","0","0","0","0"
17/06/2021,01:59:00,"0","0","0","0","0","60","0","0","0","0"
17/06/2021,02:00:00,"0","0","0","0","0","60","0","0","0","0"
17/06/2021,02:01:00,"0","0","0","0","0","60","0","0","0","0"
17/06/2021,02:02:00,"0","0","0","0","0","60","0","0","0","0"
17/06/2021,02:03:00,"0","0","0","0","0","60","0","0","0","0"
17/06/2021,02:04:00,"0","0","0","0","0","60","0","0","0","0"
17/06/2021,02:05:00,"0","0","0","0","0","60","0","0","0","0"
17/06/2021,02:06:00,"0","0","0","0","0","60","0","0","0","0"
17/06/2021,02:07:00,"518","776","1140","4","0","0","60","0","0","1473,13"
17/06/2021,02:08:00,"109","365","214","1","0","42","0","0","18","436,92"
17/06/2021,02:09:00,"0","0","0","0","0","60","0","0","0","0"
17/06/2021,02:10:00,"0","0","0","0","0","60","0","0","0","0"
17/06/2021,02:11:00,"0","0","0","0","0","60","0","0","0","0"
17/06/2021,02:12:00,"0","0","0","0","0","60","0","0","0","0"
17/06/2021,02:13:00,"0","0","0","0","0","60","0","0","0","0"
17/06/2021,02:14:00,"0","0","0","0","0","60","0","0","0","0"
17/06/2021,02:15:00,"0","26","0","0","0","60","0","0","0","26"
17/06/2021,02:16:00,"0","0","0","0","0","60","0","0","0","0"
17/06/2021,02:17:00,"210","274","134","2","0","48","0","11","1","370,31"
17/06/2021,02:18:00,"0","0","0","0","0","0","0","60","0","0"
17/06/2021,02:19:00,"0","0","0","0","0","0","0","60","0","0"
17/06/2021,02:20:00,"0","0","0","0","0","0","0","60","0","0"
17/06/2021,02:21:00,"0","0","0","0","0","0","0","60","0","0"
17/06/2021,02:22:00,"0","0","0","0","0","0","0","60","0","0"
17/06/2021,02:23:00,"59","214","109","2","0","0","0","60","0","247,3"
17/06/2021,02:24:00,"549","982","1039","6","0","0","60","0","0","1531,42"
17/06/2021,02:25:00,"0","0","0","0","0","0","0","0","60","0"
17/06/2021,02:26:00,"0","0","0","0","0","0","0","0","60","0"
17/06/2021,02:27:00,"0","0","0","0","0","0","0","0","60","0"
17/06/2021,02:28:00,"0","0","0","0","0","60","0","0","0","0"
17/06/2021,02:29:00,"0","0","0","0","0","60","0","0","0","0"
17/06/2021,02:30:00,"757","949","871","2","0","0","60","0","0","1494,09"
17/06/2021,02:31:00,"394","330","904","3","0","1","0","4","55","1039,88"
17/06/2021,02:32:00,"0","0","0","0","0","0","0","0","60","0"
17/06/2021,02:33:00,"0","0","0","0","0","0","0","0","60","0"
17/06/2021,02:34:00,"0","0","0","0","0","0","0","0","60","0"
17/06/2021,02:35:00,"0","0","0","0","0","60","0","0","0","0"
17/06/2021,02:36:00,"0","0","0","0","0","0","0","0","60","0"
17/06/2021,02:37:00,"0","0","0","0","0","0","0","0","60","0"
17/06/2021,02:38:00,"2","38","20","0","0","2","0","0","58","42,99"
17/06/2021,02:39:00,"216","463","649","2","0","17","0","1","42","825,97"
17/06/2021,02:40:00,"0","0","0","0","0","60","0","0","0","0"
17/06/2021,02:41:00,"0","0","0","0","0","60","0","0","0","0"
17/06/2021,02:42:00,"0","0","0","0","0","60","0","0","0","0"
17/06/2021,02:43:00,"0","0","0","0","0","60","0","0","0","0"
17/06/2021,02:44:00,"0","0","0","0","0","60","0","0","0","0"
17/06/2021,02:45:00,"0","0","0","0","0","60","0","0","0","0"
17/06/2021,02:46:00,"0","0","0","0","0","60","0","0","0","0"
17/06/2021,02:47:00,"0","0","0","0","0","60","0","0","0","0"
17/06/2021,02:48:00,"0","0","0","0","0","60","0","0","0","0"
17/06/2021,02:49:00,"0","0","0","0","0","60","0","0","0","0"
17/06/2021,02:50:00,"0","0","0","0","0","60","0","0","0","0"
17/06/2021,02:51:00,"0","0","0","0","0","60","0","0","0","0"
17/06/2021,02:52:00,"0","0","0","0","0","60","0","0","0","0"
17/06/2021,02:53:00,"0","0","0","0","0","60","0","0","0","0"
17/06/2021,02:54:00,"0","0","0","0","0","60","0","0","0","0"
17/06/2021,02:55:00,"0","0","0","0","0","60","0","0","0","0"
17/06/2021,02:56:00,"0","0","0","0","0","60","0","0","0","0"
17/06/2021,02:57:00,"0","0","0","0","0","60","0","0","0","0"
17/06/2021,02:58:00,"1166","1904","2150","9","0","0","60","0","0","3099,56"
17/06/2021,02:59:00,"3130","2526","2593","33","0","0","60","0","0","4785,52"
17/06/2021,03:00:00,"3349","3716","3471","16","0","0","60","0","0","6088,7"
17/06/2021,03:01:00,"2888","2557","3446","19","0","0","60","0","0","5172,4"
17/06/2021,03:02:00,"3937","3873","3512","18","0","0","60","0","0","6544,79"
17/06/2021,03:03:00,"0","0","0","0","0","0","0","60","0","0"
17/06/2021,03:04:00,"23","315","56","1","0","0","0","60","0","320,76"
17/06/2021,03:05:00,"0","7","0","0","0","0","0","60","0","7"
17/06/2021,03:06:00,"0","0","0","0","0","0","0","60","0","0"
17/06/2021,03:07:00,"385","652","659","3","0","0","0","14","46","1003,8"
17/06/2021,03:08:00,"257","623","530","2","0","0","0","1","59","857,37"
17/06/2021,03:09:00,"77","631","535","2","0","0","0","60","0","830,85"
17/06/2021,03:10:00,"0","97","90","0","0","0","0","60","0","132,32"
17/06/2021,03:11:00,"2","74","21","1","0","0","0","60","0","76,95"
17/06/2021,03:12:00,"250","924","637","3","0","0","0","24","36","1149,8"
17/06/2021,03:13:00,"0","0","0","0","0","0","0","0","60","0"
17/06/2021,03:14:00,"0","0","0","0","0","0","0","0","60","0"
17/06/2021,03:15:00,"0","0","0","0","0","0","0","0","60","0"
17/06/2021,03:16:00,"0","0","0","0","0","60","0","0","0","0"
17/06/2021,03:17:00,"0","0","0","0","0","60","0","0","0","0"
17/06/2021,03:18:00,"0","0","0","0","0","60","0","0","0","0"
17/06/2021,03:19:00,"0","0","0","0","0","60","0","0","0","0"
17/06/2021,03:20:00,"0","0","0","0","0","60","0","0","0","0"
17/06/2021,03:21:00,"0","0","0","0","0","60","0","0","0","0"
17/06/2021,03:22:00,"0","0","0","0","0","60","0","0","0","0"
17/06/2021,03:23:00,"0","0","0","0","0","60","0","0","0","0"
17/06/2021,03:24:00,"0","0","0","0","0","60","0","0","0","0"
17/06/2021,03:25:00,"0","0","0","0","0","0","0","0","60","0"
17/06/2021,03:26:00,"0","8","0","0","0","0","0","0","60","8"
17/06/2021,03:27:00,"126","332","244","1","0","0","0","16","44","430,85"
17/06/2021,03:28:00,"0","0","0","0","0","0","0","60","0","0"
17/06/2021,03:29:00,"0","0","0","0","0","0","0","60","0","0"
17/06/2021,03:30:00,"0","0","0","0","0","0","0","60","0","0"
17/06/2021,03:31:00,"0","0","0","0","0","0","0","60","0","0"
17/06/2021,03:32:00,"0","0","3","0","0","0","0","60","0","3"
17/06/2021,03:33:00,"0","0","0","0","0","0","0","60","0","0"
17/06/2021,03:34:00,"0","0","0","0","0","0","0","60","0","0"
17/06/2021,03:35:00,"0","0","0","0","0","0","0","60","0","0"
17/06/2021,03:36:00,"0","0","0","0","0","0","0","60","0","0"
17/06/2021,03:37:00,"0","4","39","0","0","0","0","59","1","39,2"
17/06/2021,03:38:00,"0","31","74","0","0","0","0","0","60","80,23"
17/06/2021,03:39:00,"0","16","58","0","0","0","0","0","60","60,17"
17/06/2021,03:40:00,"0","0","0","0","0","0","0","0","60","0"
17/06/2021,03:41:00,"0","0","0","0","0","0","0","0","60","0"
17/06/2021,03:42:00,"0","0","0","0","0","0","0","0","60","0"
17/06/2021,03:43:00,"0","0","0","0","0","60","0","0","0","0"
17/06/2021,03:44:00,"0","0","0","0","0","60","0","0","0","0"
17/06/2021,03:45:00,"0","0","0","0","0","60","0","0","0","0"
17/06/2021,03:46:00,"0","0","0","0","0","60","0","0","0","0"
17/06/2021,03:47:00,"0","0","0","0","0","60","0","0","0","0"
17/06/2021,03:48:00,"0","0","0","0","0","60","0","0","0","0"
17/06/2021,03:49:00,"0","0","0","0","0","60","0","0","0","0"
17/06/2021,03:50:00,"0","0","0","0","0","60","0","0","0","0"
17/06/2021,03:51:00,"0","0","0","0","0","60","0","0","0","0"
17/06/2021,03:52:00,"0","0","0","0","0","60","0","0","0","0"
17/06/2021,03:53:00,"0","0","0","0","0","60","0","0","0","0"
17/06/2021,03:54:00,"0","0","0","0","0","60","0","0","0","0"
17/06/2021,03:55:00,"0","0","0","0","0","60","0","0","0","0"
17/06/2021,03:56:00,"0","0","0","0","0","60","0","0","0","0"
17/06/2021,03:57:00,"0","0","0","0","0","60","0","0","0","0"
17/06/2021,03:58:00,"0","0","0","0","0","60","0","0","0","0"
17/06/2021,03:59:00,"0","0","0","0","0","60","0","0","0","0"
17/06/2021,04:00:00,"0","0","0","0","0","60","0","0","0","0"
17/06/2021,04:01:00,"0","0","0","0","0","60","0","0","0","0"
17/06/2021,04:02:00,"0","0","0","0","0","60","0","0","0","0"
17/06/2021,04:03:00,"266","853","751","2","0","3","0","3","54","1167,2"
17/06/2021,04:04:00,"0","0","0","0","0","60","0","0","0","0"
17/06/2021,04:05:00,"0","0","0","0","0","60","0","0","0","0"
17/06/2021,04:06:00,"0","0","0","0","0","60","0","0","0","0"
17/06/2021,04:07:00,"0","0","0","0","0","60","0","0","0","0"
17/06/2021,04:08:00,"1201","1112","1229","4","0","0","60","0","0","2046,8"
17/06/2021,04:09:00,"0","0","2","0","0","60","0","0","0","2"
17/06/2021,04:10:00,"0","0","0","0","0","60","0","0","0","0"
17/06/2021,04:11:00,"0","0","0","0","0","60","0","0","0","0"
17/06/2021,04:12:00,"0","0","0","0","0","60","0","0","0","0"
17/06/2021,04:13:00,"0","0","0","0","0","60","0","0","0","0"
17/06/2021,04:14:00,"0","0","0","0","0","60","0","0","0","0"
17/06/2021,04:15:00,"0","0","0","0","0","60","0","0","0","0"
17/06/2021,04:16:00,"0","0","0","0","0","60","0","0","0","0"
17/06/2021,04:17:00,"0","0","0","0","0","60","0","0","0","0"
17/06/2021,04:18:00,"0","0","0","0","0","60","0","0","0","0"
17/06/2021,04:19:00,"0","0","0","0","0","60","0","0","0","0"
17/06/2021,04:20:00,"0","0","0","0","0","60","0","0","0","0"
17/06/2021,04:21:00,"0","0","0","0","0","60","0","0","0","0"
17/06/2021,04:22:00,"0","0","0","0","0","60","0","0","0","0"
17/06/2021,04:23:00,"0","0","0","0","0","60","0","0","0","0"
17/06/2021,04:24:00,"770","620","571","3","0","0","60","0","0","1141,64"
17/06/2021,04:25:00,"0","0","0","0","0","0","0","0","60","0"
17/06/2021,04:26:00,"0","0","0","0","0","0","0","0","60","0"
17/06/2021,04:27:00,"0","0","0","0","0","0","0","0","60","0"
17/06/2021,04:28:00,"0","0","0","0","0","60","0","0","0","0"
17/06/2021,04:29:00,"5","95","8","0","0","18","0","0","42","95,47"
17/06/2021,04:30:00,"0","0","0","0","0","60","0","0","0","0"
17/06/2021,04:31:00,"270","744","887","2","0","57","0","0","3","1188,78"
17/06/2021,04:32:00,"0","0","0","0","0","60","0","0","0","0"
17/06/2021,04:33:00,"0","0","0","0","0","60","0","0","0","0"
17/06/2021,04:34:00,"0","0","0","0","0","60","0","0","0","0"
17/06/2021,04:35:00,"0","0","0","0","0","60","0","0","0","0"
17/06/2021,04:36:00,"0","0","0","0","0","60","0","0","0","0"
17/06/2021,04:37:00,"0","0","0","0","0","60","0","0","0","0"
17/06/2021,04:38:00,"0","0","0","0","0","60","0","0","0","0"
17/06/2021,04:39:00,"2325","2786","3107","13","0","0","60","0","0","4777,12"
17/06/2021,04:40:00,"468","1104","770","1","0","0","60","0","0","1425,04"
17/06/2021,04:41:00,"343","1071","1473","3","0","0","0","10","50","1853,22"
17/06/2021,04:42:00,"0","0","0","0","0","0","0","0","60","0"
17/06/2021,04:43:00,"429","601","654","3","0","0","60","0","0","986,39"
17/06/2021,04:44:00,"816","527","658","4","0","0","60","0","0","1173,26"
17/06/2021,04:45:00,"0","0","0","0","0","0","0","0","60","0"
17/06/2021,04:46:00,"0","0","0","0","0","0","0","0","60","0"
17/06/2021,04:47:00,"0","0","0","0","0","0","0","0","60","0"
17/06/2021,04:48:00,"0","0","0","0","0","0","0","0","60","0"
17/06/2021,04:49:00,"0","0","0","0","0","0","0","0","60","0"
17/06/2021,04:50:00,"0","0","0","0","0","60","0","0","0","0"
17/06/2021,04:51:00,"708","977","786","2","0","0","60","0","0","1440"
17/06/2021,04:52:00,"248","360","339","2","0","0","0","23","37","553,2"
17/06/2021,04:53:00,"0","0","0","0","0","0","0","60","0","0"
17/06/2021,04:54:00,"0","0","0","0","0","0","0","60","0","0"
17/06/2021,04:55:00,"0","0","0","0","0","0","0","60","0","0"
17/06/2021,04:56:00,"0","0","0","0","0","60","0","0","0","0"
17/06/2021,04:57:00,"0","0","0","0","0","60","0","0","0","0"
17/06/2021,04:58:00,"0","0","0","0","0","60","0","0","0","0"
17/06/2021,04:59:00,"0","0","0","0","0","60","0","0","0","0"
17/06/2021,05:00:00,"0","0","0","0","0","60","0","0","0","0"
17/06/2021,05:01:00,"0","0","0","0","0","60","0","0","0","0"
17/06/2021,05:02:00,"0","0","0","0","0","60","0","0","0","0"
17/06/2021,05:03:00,"0","0","0","0","0","60","0","0","0","0"
17/06/2021,05:04:00,"0","0","0","0","0","60","0","0","0","0"
17/06/2021,05:05:00,"0","0","0","0","0","0","0","60","0","0"
17/06/2021,05:06:00,"0","0","0","0","0","0","0","60","0","0"
17/06/2021,05:07:00,"0","0","0","0","0","0","0","60","0","0"
17/06/2021,05:08:00,"0","0","25","0","0","0","0","60","0","25"
17/06/2021,05:09:00,"0","0","0","0","0","0","0","60","0","0"
17/06/2021,05:10:00,"0","0","0","0","0","0","0","60","0","0"
17/06/2021,05:11:00,"0","0","0","0","0","0","0","60","0","0"
17/06/2021,05:12:00,"0","0","0","0","0","60","0","0","0","0"
17/06/2021,05:13:00,"0","0","0","0","0","60","0","0","0","0"
17/06/2021,05:14:00,"0","0","0","0","0","0","0","60","0","0"
17/06/2021,05:15:00,"0","0","15","0","0","0","0","60","0","15"
17/06/2021,05:16:00,"0","0","0","0","0","0","0","60","0","0"
17/06/2021,05:17:00,"0","0","0","0","0","0","0","60","0","0"
17/06/2021,05:18:00,"0","0","0","0","0","0","0","60","0","0"
17/06/2021,05:19:00,"0","0","37","0","0","0","0","59","1","37"
17/06/2021,05:20:00,"0","0","0","0","0","0","0","60","0","0"
17/06/2021,05:21:00,"165","127","272","1","0","0","0","56","4","342,55"
17/06/2021,05:22:00,"467","1195","767","3","0","0","60","0","0","1494,79"
17/06/2021,05:23:00,"0","0","6","0","0","0","0","0","60","6"
17/06/2021,05:24:00,"56","313","486","0","0","0","0","23","37","580,78"
17/06/2021,05:25:00,"0","0","0","0","0","0","0","60","0","0"
17/06/2021,05:26:00,"0","0","0","0","0","0","0","60","0","0"
17/06/2021,05:27:00,"0","0","0","0","0","0","0","60","0","0"
17/06/2021,05:28:00,"0","0","0","0","0","0","0","60","0","0"
17/06/2021,05:29:00,"0","0","0","0","0","0","0","60","0","0"
17/06/2021,05:30:00,"0","0","0","0","0","0","0","60","0","0"
17/06/2021,05:31:00,"0","0","0","0","0","0","0","60","0","0"
17/06/2021,05:32:00,"0","0","0","0","0","0","0","60","0","0"
17/06/2021,05:33:00,"0","0","0","0","0","0","0","60","0","0"
17/06/2021,05:34:00,"89","241","370","1","0","0","0","60","0","450,45"
17/06/2021,05:35:00,"0","0","0","0","0","0","0","60","0","0"
17/06/2021,05:36:00,"0","0","0","0","0","0","0","60","0","0"
17/06/2021,05:37:00,"5","12","122","1","0","0","0","60","0","122,69"
17/06/2021,05:38:00,"25","468","296","0","0","0","1","59","0","554,31"
17/06/2021,05:39:00,"732","2137","1466","6","0","0","60","0","0","2692,91"
17/06/2021,05:40:00,"1955","2444","2320","14","0","0","60","0","0","3895,84"
17/06/2021,05:41:00,"1822","1094","1224","10","0","0","60","0","0","2452,49"
17/06/2021,05:42:00,"312","989","764","3","0","10","0","45","5","1288,08"
17/06/2021,05:43:00,"69","49","207","2","0","0","0","60","0","223,63"
17/06/2021,05:44:00,"1398","1693","1969","6","0","0","60","0","0","2949,17"
17/06/2021,05:45:00,"2440","2579","1968","14","0","0","60","0","0","4059,29"
17/06/2021,05:46:00,"2421","2583","2117","8","0","0","60","0","0","4124,9"
17/06/2021,05:47:00,"1724","1654","1535","8","0","0","60","0","0","2839,74"
17/06/2021,05:48:00,"1260","1017","1556","7","0","0","60","0","0","2245,67"
17/06/2021,05:49:00,"5128","5966","4016","28","0","0","60","0","0","8832,77"
17/06/2021,05:50:00,"4788","6113","4355","32","0","0","60","0","0","8902,79"
17/06/2021,05:51:00,"4890","6340","4234","26","0","0","60","0","0","9057,29"
17/06/2021,05:52:00,"5154","6419","4830","40","0","0","60","0","0","9544,43"
17/06/2021,05:53:00,"3317","3427","3781","17","0","0","60","0","0","6086,28"
17/06/2021,05:54:00,"2545","3504","3314","31","0","0","60","0","0","5453,22"
17/06/2021,05:55:00,"523","1282","1283","28","0","0","60","0","0","1887,63"
17/06/2021,05:56:00,"616","1526","1313","27","0","0","60","0","0","2105,26"
17/06/2021,05:57:00,"1409","1579","2709","8","0","0","60","0","0","3437,62"
17/06/2021,05:58:00,"2634","2539","2286","24","0","0","60","0","0","4313,96"
17/06/2021,05:59:00,"3312","2959","3184","18","0","0","60","0","0","5464,69"
17/06/2021,06:00:00,"3932","5606","4666","27","0","0","60","0","0","8286,1"
17/06/2021,06:01:00,"5189","5585","4435","33","0","0","60","0","0","8819,7"
17/06/2021,06:02:00,"4977","4116","4196","30","0","0","60","0","0","7701,84"
17/06/2021,06:03:00,"8375","7760","7149","39","0","0","60","0","0","13470,95"
17/06/2021,06:04:00,"4316","4152","4382","27","0","0","60","0","0","7420,84"
17/06/2021,06:05:00,"5064","4962","5834","44","0","0","60","0","0","9181,56"
17/06/2021,06:06:00,"6635","6162","6970","34","0","0","60","0","0","11426,91"
17/06/2021,06:07:00,"2443","1155","2141","14","0","0","60","0","0","3447,63"
17/06/2021,06:08:00,"9","2","224","0","0","0","0","0","60","224,19"
17/06/2021,06:09:00,"0","0","9","0","0","0","0","0","60","9"
17/06/2021,06:10:00,"32","12","83","1","0","0","0","0","60","89,76"
17/06/2021,06:11:00,"4898","6576","5072","36","0","0","60","0","0","9641,54"
17/06/2021,06:12:00,"4579","6280","6182","46","0","0","60","0","0","9930,9"
17/06/2021,06:13:00,"4477","4641","5003","37","0","0","60","0","0","8161,64"
17/06/2021,06:14:00,"4851","4401","3849","23","0","0","60","0","0","7597,09"
17/06/2021,06:15:00,"6552","5279","5031","37","0","0","60","0","0","9803,44"
17/06/2021,06:16:00,"3969","2968","3817","26","0","0","60","0","0","6255,52"
17/06/2021,06:17:00,"2825","2317","3362","22","0","0","60","0","0","4965,09"
17/06/2021,06:18:00,"1655","1520","1777","10","0","0","60","0","0","2864,81"
17/06/2021,06:19:00,"2915","1664","1957","17","0","0","60","0","0","3885,35"
17/06/2021,06:20:00,"554","902","430","4","0","0","60","0","0","1142,55"
17/06/2021,06:21:00,"1855","2729","1448","9","0","0","60","0","0","3603,49"
17/06/2021,06:22:00,"3316","1937","2371","22","0","0","60","0","0","4513,25"
17/06/2021,06:23:00,"3236","2373","4343","29","0","0","60","0","0","5913,08"
17/06/2021,06:24:00,"354","31","47","1","0","0","0","1","59","358,45"
17/06/2021,06:25:00,"728","240","521","6","0","0","60","0","0","926,84"
17/06/2021,06:26:00,"3360","3641","3565","26","0","0","60","0","0","6103,75"
17/06/2021,06:27:00,"4242","2875","3540","20","0","0","60","0","0","6228,31"
17/06/2021,06:28:00,"1468","738","1545","8","0","0","60","0","0","2255,37"
17/06/2021,06:29:00,"1165","730","1098","5","0","0","60","0","0","1759,47"
17/06/2021,06:30:00,"3789","6048","4874","32","0","0","60","0","0","8642,38"
17/06/2021,06:31:00,"2472","1493","2376","13","0","0","60","0","0","3739,68"
17/06/2021,06:32:00,"328","251","397","13","0","0","0","56","4","572,88"
17/06/2021,06:33:00,"155","149","186","7","0","0","0","56","4","284,29"
17/06/2021,06:34:00,"89","110","199","5","0","0","0","60","0","244,18"
17/06/2021,06:35:00,"30","87","40","3","0","0","0","60","0","100,34"
17/06/2021,06:36:00,"0","5","187","0","0","0","0","60","0","187,07"
17/06/2021,06:37:00,"5","59","8","0","0","0","0","60","0","59,75"
17/06/2021,06:38:00,"227","287","345","9","0","0","0","60","0","502,91"
17/06/2021,06:39:00,"58","35","3","5","0","0","0","60","0","67,81"
17/06/2021,06:40:00,"0","49","84","0","0","0","0","60","0","97,25"
17/06/2021,06:41:00,"321","1090","903","8","0","0","0","60","0","1451,4"
17/06/2021,06:42:00,"24","35","113","2","0","0","0","60","0","120,71"
17/06/2021,06:43:00,"194","648","577","7","0","0","0","60","0","889,08"
17/06/2021,06:44:00,"83","183","209","3","0","0","0","58","2","289,93"
17/06/2021,06:45:00,"682","770","716","6","0","0","60","0","0","1253,27"
17/06/2021,06:46:00,"2278","1747","2374","20","32","0","60","0","0","3725,21"
17/06/2021,06:47:00,"803","377","909","8","0","0","60","0","0","1270,13"
17/06/2021,06:48:00,"318","183","375","4","20","0","0","6","54","524,63"
17/06/2021,06:49:00,"862","550","524","8","0","0","60","0","0","1148,96"
17/06/2021,06:50:00,"0","55","37","0","0","0","0","0","60","66,29"
17/06/2021,06:51:00,"78","111","225","2","165","0","0","0","60","262,74"
17/06/2021,06:52:00,"2135","1649","3712","15","167","0","60","0","0","4588,72"
17/06/2021,06:53:00,"145","35","162","2","74","0","0","0","60","220,21"
17/06/2021,06:54:00,"36","33","50","1","83","0","0","0","60","69,89"
17/06/2021,06:55:00,"333","238","253","1","253","0","0","1","59","481,19"
17/06/2021,06:56:00,"0","5","39","0","433","0","0","0","60","39,32"
17/06/2021,06:57:00,"141","99","299","1","332","0","0","0","60","345,08"
17/06/2021,06:58:00,"13","0","1","1","219","0","0","0","60","13,04"
17/06/2021,06:59:00,"80","23","86","1","254","0","0","0","60","119,69"
17/06/2021,07:00:00,"0","31","111","0","262","0","0","0","60","115,25"
17/06/2021,07:01:00,"0","22","60","0","242","0","0","0","60","63,91"
17/06/2021,07:02:00,"57","65","192","1","229","0","0","0","60","210,57"
17/06/2021,07:03:00,"14","8","25","0","239","0","0","0","60","29,75"
17/06/2021,07:04:00,"0","0","58","0","289","0","0","0","60","58"
17/06/2021,07:05:00,"20","11","75","1","604","0","0","0","60","78,4"
17/06/2021,07:06:00,"0","0","80","0","1167","0","0","0","60","80"
17/06/2021,07:07:00,"17","0","41","0","1369","0","0","0","60","44,38"
17/06/2021,07:08:00,"55","9","89","2","1287","0","0","0","60","105,01"
17/06/2021,07:09:00,"26","2","37","0","1782","0","0","0","60","45,27"
17/06/2021,07:10:00,"0","0","70","0","2270","0","0","0","60","70"
17/06/2021,07:11:00,"0","0","25","0","2197","0","0","0","60","25"
17/06/2021,07:12:00,"538","838","1002","10","2252","0","60","0","0","1412,69"
17/06/2021,07:13:00,"262","188","522","2","2519","0","0","3","57","613,57"
17/06/2021,07:14:00,"5","0","48","0","2725","0","0","0","60","48,26"
17/06/2021,07:15:00,"93","20","66","3","2730","0","0","0","60","115,78"
17/06/2021,07:16:00,"225","287","587","2","1981","0","0","12","48","691,06"
17/06/2021,07:17:00,"29","211","850","0","2553","0","0","0","60","876,28"
17/06/2021,07:18:00,"154","89","234","4","2941","0","0","0","60","293,93"
17/06/2021,07:19:00,"2785","2703","2979","22","787","0","60","0","0","4892,53"
17/06/2021,07:20:00,"744","1064","2301","13","0","0","60","0","0","2642,01"
17/06/2021,07:21:00,"3361","2393","2854","17","0","0","60","0","0","5016,78"
17/06/2021,07:22:00,"2392","2615","2459","16","0","0","60","0","0","4313,53"
17/06/2021,07:23:00,"1567","1662","1783","9","0","0","60","0","0","2897,73"
17/06/2021,07:24:00,"972","1086","953","8","0","0","60","0","0","1741,38"
17/06/2021,07:25:00,"1492","1101","1145","6","0","0","60","0","0","2179,29"
17/06/2021,07:26:00,"779","938","1342","6","0","0","60","0","0","1813,19"
17/06/2021,07:27:00,"662","1146","1244","8","0","0","60","0","0","1816,34"
17/06/2021,07:28:00,"1810","2782","1278","15","0","0","60","0","0","3556,53"
17/06/2021,07:29:00,"338","829","671","3","0","13","0","22","25","1118,81"
17/06/2021,07:30:00,"757","896","1158","5","0","0","60","0","0","1648,28"
17/06/2021,07:31:00,"2717","2888","3320","21","0","0","60","0","0","5171,56"
17/06/2021,07:32:00,"1355","2811","1576","14","0","0","60","0","0","3495,93"
17/06/2021,07:33:00,"951","1382","1114","10","0","0","60","0","0","2013,78"
17/06/2021,07:34:00,"3545","4971","4346","19","0","0","60","0","0","7494,37"
17/06/2021,07:35:00,"3647","4166","4500","22","0","0","60","0","0","7134,86"
17/06/2021,07:36:00,"2859","3434","3190","22","0","0","60","0","0","5490,2"
17/06/2021,07:37:00,"1017","1154","1058","4","0","0","60","0","0","1866,91"
17/06/2021,07:38:00,"1944","1952","1478","11","0","0","60","0","0","3126,33"
17/06/2021,07:39:00,"1637","2104","1437","12","0","0","60","0","0","3028,46"
17/06/2021,07:40:00,"1337","1332","1004","10","0","0","60","0","0","2137,71"
17/06/2021,07:41:00,"897","1494","352","5","0","0","60","0","0","1777,79"
17/06/2021,07:42:00,"1665","1718","1195","9","0","0","60","0","0","2674,28"
17/06/2021,07:43:00,"73","672","209","2","0","6","0","0","54","707,53"
17/06/2021,07:44:00,"74","104","99","3","0","0","0","0","60","161,53"
17/06/2021,07:45:00,"8","12","5","0","0","0","0","0","60","15,26"
17/06/2021,07:46:00,"623","979","1738","9","0","0","60","0","0","2089,79"
17/06/2021,07:47:00,"2004","1095","2074","19","135","0","60","0","0","3084,89"
17/06/2021,07:48:00,"514","114","286","3","75","0","60","0","0","599,16"
17/06/2021,07:49:00,"25","0","129","1","0","0","0","0","60","131,4"
17/06/2021,07:50:00,"781","125","685","10","0","0","60","0","0","1046,33"
17/06/2021,07:51:00,"2850","2253","3436","19","49","0","60","0","0","5000,46"
17/06/2021,07:52:00,"1919","1389","1273","7","111","0","60","0","0","2689,31"
17/06/2021,07:53:00,"4411","5332","5313","20","105","0","60","0","0","8724,4"
17/06/2021,07:54:00,"758","947","1794","6","0","0","60","0","0","2165,6"
17/06/2021,07:55:00,"581","618","715","3","0","0","60","0","0","1109,37"
17/06/2021,07:56:00,"2054","1818","2554","16","22","0","60","0","0","3747,93"
17/06/2021,07:57:00,"982","1391","1565","6","0","0","60","0","0","2312,67"
17/06/2021,07:58:00,"4610","4061","4258","21","0","0","60","0","0","7474,92"
17/06/2021,07:59:00,"3604","3316","4571","26","57","0","60","0","0","6699,16"
17/06/2021,08:00:00,"1828","1940","3221","12","27","0","60","0","0","4180,91"
17/06/2021,08:01:00,"784","748","2220","9","60","0","60","0","0","2470,34"
17/06/2021,08:02:00,"202","520","1601","5","44","0","0","0","60","1695,41"
17/06/2021,08:03:00,"936","1575","1918","11","380","0","60","0","0","2652,44"
17/06/2021,08:04:00,"656","694","495","3","139","0","60","0","0","1075,64"
17/06/2021,08:05:00,"0","59","4","0","0","0","0","60","0","59,14"
17/06/2021,08:06:00,"0","0","0","0","62","0","0","60","0","0"
17/06/2021,08:07:00,"292","454","252","1","114","2","0","57","1","595,72"
17/06/2021,08:08:00,"319","426","456","1","96","0","0","43","17","700,84"
17/06/2021,08:09:00,"174","104","196","5","166","0","0","0","60","281,97"
17/06/2021,08:10:00,"357","549","409","6","123","0","0","2","58","772,1"
17/06/2021,08:11:00,"83","353","335","2","0","0","0","60","0","493,68"
17/06/2021,08:12:00,"0","53","315","0","0","0","0","60","0","319,43"
17/06/2021,08:13:00,"0","0","0","0","0","0","0","60","0","0"
17/06/2021,08:14:00,"0","0","0","0","0","0","0","60","0","0"
17/06/2021,08:15:00,"1254","1420","1056","7","24","0","60","0","0","2168,88"
17/06/2021,08:16:00,"2181","2723","2064","22","104","0","60","0","0","4053,59"
17/06/2021,08:17:00,"4364","4167","4904","33","0","0","60","0","0","7775,45"
17/06/2021,08:18:00,"1108","809","865","9","58","0","60","0","0","1621,84"
17/06/2021,08:19:00,"345","463","1049","5","59","0","0","2","58","1197,41"
17/06/2021,08:20:00,"633","718","1923","6","224","0","60","0","0","2148,06"
17/06/2021,08:21:00,"881","1239","1873","8","670","0","60","0","0","2412,35"
17/06/2021,08:22:00,"165","110","421","2","813","0","0","40","20","465,37"
17/06/2021,08:23:00,"512","1134","556","4","0","0","60","0","0","1362,8"
17/06/2021,08:24:00,"20","477","296","1","48","0","0","60","0","561,73"
17/06/2021,08:25:00,"0","62","55","0","0","0","0","60","0","82,88"
17/06/2021,08:26:00,"0","15","79","0","0","0","0","60","0","80,41"
17/06/2021,08:27:00,"0","4","33","0","0","0","0","60","0","33,24"
17/06/2021,08:28:00,"11","0","53","0","0","0","0","60","0","54,13"
17/06/2021,08:29:00,"0","0","0","0","0","0","0","60","0","0"
17/06/2021,08:30:00,"0","4","49","0","0","0","0","60","0","49,16"
17/06/2021,08:31:00,"0","0","70","0","0","0","0","60","0","70"
17/06/2021,08:32:00,"3","33","292","1","0","0","0","60","0","293,87"
17/06/2021,08:33:00,"81","591","348","2","110","0","0","60","0","690,61"
17/06/2021,08:34:00,"914","1253","1338","7","867","0","60","0","0","2048,33"
17/06/2021,08:35:00,"241","655","446","3","213","0","0","34","26","828,26"
17/06/2021,08:36:00,"584","361","165","1","0","0","60","0","0","706,12"
17/06/2021,08:37:00,"1198","1842","866","8","73","0","60","0","0","2361,81"
17/06/2021,08:38:00,"541","696","254","2","32","0","60","0","0","917,39"
17/06/2021,08:39:00,"72","488","316","3","32","0","0","60","0","585,82"
17/06/2021,08:40:00,"25","282","51","0","0","0","0","60","0","287,66"
17/06/2021,08:41:00,"409","417","173","2","74","7","0","42","11","609,18"
17/06/2021,08:42:00,"390","1317","889","2","272","8","0","27","25","1636,13"
17/06/2021,08:43:00,"0","0","0","0","119","0","0","60","0","0"
17/06/2021,08:44:00,"933","1095","461","4","132","0","60","0","0","1510,64"
17/06/2021,08:45:00,"287","527","208","3","99","1","0","55","4","635,11"
17/06/2021,08:46:00,"1241","2715","1750","11","209","0","60","0","0","3460,32"
17/06/2021,08:47:00,"1449","1814","955","9","130","0","60","0","0","2510,42"
17/06/2021,08:48:00,"2061","2477","1360","12","183","0","60","0","0","3497,55"
17/06/2021,08:49:00,"336","837","244","2","76","0","0","56","4","934,35"
17/06/2021,08:50:00,"408","745","982","4","271","0","0","12","48","1298,39"
17/06/2021,08:51:00,"1274","1248","994","9","137","0","60","0","0","2041,72"
17/06/2021,08:52:00,"18","25","272","1","161","0","0","60","0","273,74"
17/06/2021,08:53:00,"3047","2083","2925","22","188","0","60","0","0","4709,43"
17/06/2021,08:54:00,"640","570","1300","3","250","0","60","0","0","1557,08"
17/06/2021,08:55:00,"1110","534","1517","6","62","0","60","0","0","1954,11"
17/06/2021,08:56:00,"175","334","314","4","58","0","0","58","2","490,69"
17/06/2021,08:57:00,"2006","3620","3414","13","198","0","60","0","0","5365,06"
17/06/2021,08:58:00,"568","1057","499","5","621","0","60","0","0","1299,57"
17/06/2021,08:59:00,"819","1220","1760","10","726","0","60","0","0","2292,76"
17/06/2021,09:00:00,"68","68","780","2","134","0","0","0","60","785,91"
17/06/2021,09:01:00,"539","768","765","6","655","0","60","0","0","1210,61"
17/06/2021,09:02:00,"2314","3611","2712","14","195","0","60","0","0","5074,33"
17/06/2021,09:03:00,"1331","1149","2642","9","82","0","60","0","0","3173,63"
17/06/2021,09:04:00,"0","60","244","0","30","0","0","0","60","251,27"
17/06/2021,09:05:00,"496","754","1884","6","121","0","60","0","0","2089,02"
17/06/2021,09:06:00,"957","1035","1984","8","162","0","60","0","0","2433,79"
17/06/2021,09:07:00,"2462","2273","2532","16","165","0","60","0","0","4199,88"
17/06/2021,09:08:00,"710","710","1390","6","0","0","60","0","0","1714,73"
17/06/2021,09:09:00,"1796","969","1329","12","0","0","60","0","0","2435,33"
17/06/2021,09:10:00,"1350","1451","2917","14","0","0","60","0","0","3526,58"
17/06/2021,09:11:00,"1675","1333","1875","8","0","0","60","0","0","2845,72"
17/06/2021,09:12:00,"1940","1246","3805","24","0","0","60","0","0","4449,06"
17/06/2021,09:13:00,"5593","3583","4712","30","0","0","60","0","0","8143,86"
17/06/2021,09:14:00,"1191","899","1326","5","434","0","60","0","0","1996,24"
17/06/2021,09:15:00,"333","506","1761","7","438","0","0","0","60","1862,27"
17/06/2021,09:16:00,"278","289","461","5","441","0","0","0","60","611"
17/06/2021,09:17:00,"159","116","266","3","377","0","0","0","60","330,9"
17/06/2021,09:18:00,"2046","1561","2242","20","418","0","60","0","0","3413,12"
17/06/2021,09:19:00,"1753","1994","3025","17","672","0","60","0","0","4024,88"
17/06/2021,09:20:00,"229","486","298","12","218","0","0","59","1","614,36"
17/06/2021,09:21:00,"529","736","628","12","131","0","60","0","0","1102,69"
17/06/2021,09:22:00,"579","834","922","5","449","0","60","0","0","1371,45"
17/06/2021,09:23:00,"0","137","110","0","83","0","0","0","60","175,7"
17/06/2021,09:24:00,"476","699","372","2","63","0","60","0","0","923,88"
17/06/2021,09:25:00,"2","17","66","1","40","0","0","60","0","68,18"
17/06/2021,09:26:00,"381","521","1153","5","48","0","0","55","5","1321,37"
17/06/2021,09:27:00,"111","136","374","2","45","0","0","10","50","413,15"
17/06/2021,09:28:00,"0","38","0","0","0","0","0","0","60","38"
17/06/2021,09:29:00,"235","536","861","6","100","0","0","56","4","1041,08"
17/06/2021,09:30:00,"58","258","738","4","119","0","0","60","0","783,95"
17/06/2021,09:31:00,"340","588","907","6","86","0","0","28","32","1133,13"
17/06/2021,09:32:00,"70","299","193","3","2609","0","0","0","60","362,7"
17/06/2021,09:33:00,"496","1171","1434","9","381","0","60","0","0","1916,67"
